Prodcut_ID,Product_Code,Product_Type,Price,Min. Value,Seasonal_Inflation_%,Year
1,PD_C1,Formal,445,340,1.0068461181,2008
2,PD_C2,Casual,597,397,1.6809609913,2008
3,PD_C3,Innerwear,329,182,1.7465836057,2008
4,PD_C4,Swimwear,799,688,1.7719633897,2008
5,PD_C5,Formal,453,291,2.5688828617,2008
6,PD_C6,Casual,666,528,2.2006399141,2008
7,PD_C7,Innerwear,763,636,2.0215931024,2008
8,PD_C8,Swimwear,669,510,2.2597337766,2008
9,PD_C9,Formal,374,245,2.9059244739,2008
10,PD_C10,Formal,602,501,1.0962677852,2008
11,PD_C11,Casual,722,594,1.290567247,2008
12,PD_C12,Innerwear,642,483,2.2021185929,2008
13,PD_C13,Swimwear,588,393,2.7590640242,2008
14,PD_C14,Formal,713,596,1.1894199574,2008
15,PD_C15,Casual,756,624,2.3578586154,2008
16,PD_C16,Innerwear,327,198,2.5535093685,2008
17,PD_C17,Swimwear,698,547,2.3390293623,2008
18,PD_C18,Formal,477,317,1.4322926749,2008
19,PD_C19,Formal,358,177,1.7659131138,2008
20,PD_C20,Casual,450,278,1.5022435742,2008
21,PD_C21,Innerwear,638,497,1.3987806401,2008
22,PD_C22,Swimwear,421,270,1.8798043656,2008
23,PD_C23,Formal,558,376,2.488518253,2008
24,PD_C24,Formal,768,632,2.6780291399,2008
25,PD_C25,Casual,404,269,2.9071608818,2008
26,PD_C26,Innerwear,535,349,2.3784650508,2008
27,PD_C27,Swimwear,469,368,1.4918888996,2008
28,PD_C28,Formal,574,392,2.9673309037,2008
29,PD_C29,Casual,752,600,1.3687690141,2008
30,PD_C30,Innerwear,536,429,1.1510456922,2008
31,PD_C31,Swimwear,479,279,2.1611045061,2008
32,PD_C32,Formal,555,371,1.1584814608,2008
33,PD_C33,Formal,654,484,1.0388273864,2008
34,PD_C34,Casual,497,374,2.7801805326,2008
35,PD_C35,Innerwear,429,314,2.0163012956,2008
36,PD_C36,Swimwear,702,520,1.9434594691,2008
37,PD_C37,Formal,785,596,1.632606187,2008
38,PD_C38,Casual,740,624,1.9899708239,2008
39,PD_C39,Formal,352,238,2.1118868771,2008
40,PD_C40,Casual,612,418,1.5425811783,2008
41,PD_C41,Innerwear,752,580,2.3591743351,2008
42,PD_C42,Swimwear,303,116,2.0977051177,2008
43,PD_C43,Formal,674,555,2.2931354188,2008
44,PD_C44,Casual,498,320,2.8135027023,2008
45,PD_C45,Innerwear,729,590,2.2424632864,2008
46,PD_C46,Swimwear,510,385,1.4151842771,2008
47,PD_C47,Formal,760,589,2.7498425111,2008
48,PD_C48,Formal,758,632,2.4572595949,2008
49,PD_C49,Casual,560,422,1.2397885619,2008
50,PD_C50,Innerwear,733,589,1.898118279,2008
51,PD_C51,Swimwear,365,259,1.6982165049,2008
52,PD_C52,Formal,791,686,2.0597455431,2008
53,PD_C53,Casual,465,289,1.0185046966,2008
54,PD_C54,Innerwear,694,558,1.4200625649,2008
55,PD_C55,Swimwear,411,295,1.9449321159,2008
56,PD_C56,Formal,482,309,1.3846318112,2008
57,PD_C57,Formal,331,166,2.3821159447,2008
58,PD_C58,Casual,702,506,2.6992017272,2008
59,PD_C59,Innerwear,653,550,2.9880079327,2008
60,PD_C60,Swimwear,563,407,2.5218857872,2008
61,PD_C61,Formal,719,580,2.607663658,2008
62,PD_C62,Formal,360,181,2.223893883,2008
63,PD_C63,Casual,776,590,1.7855925822,2008
64,PD_C64,Innerwear,705,517,2.9889298102,2008
65,PD_C65,Swimwear,711,548,2.0919963708,2008
66,PD_C66,Formal,621,486,1.8269114175,2008
67,PD_C67,Casual,719,586,1.4740633569,2008
68,PD_C68,Innerwear,700,552,1.3429477452,2008
69,PD_C69,Swimwear,510,328,2.7984160528,2008
70,PD_C70,Formal,750,607,2.425257319,2008
71,PD_C71,Formal,720,527,2.9889537235,2008
72,PD_C72,Casual,693,529,1.1646566843,2008
73,PD_C73,Innerwear,597,434,1.6193358404,2008
74,PD_C74,Swimwear,310,140,2.7048058458,2008
75,PD_C75,Formal,678,483,2.4615490932,2008
76,PD_C76,Casual,568,399,1.6989918478,2008
77,PD_C77,Formal,556,433,2.8962618148,2008
78,PD_C78,Casual,391,242,1.745532996,2008
79,PD_C79,Innerwear,453,300,2.7032371302,2008
80,PD_C80,Swimwear,351,163,2.2042743197,2008
81,PD_C81,Formal,521,336,2.1073571679,2008
82,PD_C82,Casual,446,270,2.7090064237,2008
83,PD_C83,Innerwear,541,436,1.546747922,2008
84,PD_C84,Swimwear,735,601,1.2243989342,2008
85,PD_C85,Formal,612,420,2.1819255396,2008
86,PD_C86,Formal,602,461,2.4289358225,2008
87,PD_C87,Casual,769,596,2.519634556,2008
88,PD_C88,Innerwear,540,375,2.5966166237,2008
89,PD_C89,Swimwear,721,537,1.2123290121,2008
90,PD_C90,Formal,620,428,2.6869540306,2008
91,PD_C91,Casual,515,327,1.0691635312,2008
92,PD_C92,Innerwear,541,405,1.4947635843,2008
93,PD_C93,Swimwear,733,598,2.4164933723,2008
94,PD_C94,Formal,305,122,2.9853981235,2008
95,PD_C95,Formal,721,578,2.0137393675,2008
96,PD_C96,Casual,579,433,2.9402066663,2008
97,PD_C97,Innerwear,364,166,1.4046050799,2008
98,PD_C98,Swimwear,491,307,1.1164480483,2008
99,PD_C99,Formal,509,349,1.5278714392,2008
100,PD_C100,Formal,778,605,2.7907220213,2008
101,PD_C101,Casual,515,402,2.8988825799,2009
102,PD_C102,Innerwear,510,379,2.0090604711,2009
103,PD_C103,Swimwear,446,298,1.7680875975,2009
104,PD_C104,Formal,306,172,1.1747148029,2009
105,PD_C105,Casual,609,505,2.8042225868,2009
106,PD_C106,Innerwear,634,455,1.7119817737,2009
107,PD_C107,Swimwear,656,485,1.469255461,2009
108,PD_C108,Formal,486,341,2.3194276096,2009
109,PD_C109,Formal,767,570,2.1069765119,2009
110,PD_C110,Casual,499,379,1.8635433842,2009
111,PD_C111,Innerwear,317,203,1.1134348801,2009
112,PD_C112,Swimwear,508,377,2.5590073798,2009
113,PD_C113,Formal,652,531,1.7670895411,2009
114,PD_C114,Casual,450,262,2.8771953333,2009
115,PD_C115,Formal,710,601,2.5429191351,2009
116,PD_C116,Casual,385,227,2.7534615769,2009
117,PD_C117,Innerwear,328,154,2.2419716016,2009
118,PD_C118,Swimwear,341,194,2.4192142219,2009
119,PD_C119,Formal,718,519,2.9987868507,2009
120,PD_C120,Casual,525,379,1.8715211625,2009
121,PD_C121,Innerwear,798,619,1.8851796876,2009
122,PD_C122,Swimwear,781,599,2.2257787265,2009
123,PD_C123,Formal,344,211,1.1489659169,2009
124,PD_C124,Formal,712,600,1.8628464113,2009
125,PD_C125,Casual,346,160,2.3086318099,2009
126,PD_C126,Innerwear,654,491,2.4811095207,2009
127,PD_C127,Swimwear,719,545,1.9538194312,2009
128,PD_C128,Formal,464,334,2.1173482463,2009
129,PD_C129,Casual,581,437,2.9628142937,2009
130,PD_C130,Innerwear,607,420,1.7997163237,2009
131,PD_C131,Swimwear,641,450,1.2097797733,2009
132,PD_C132,Formal,693,570,1.081845738,2009
133,PD_C133,Formal,466,360,2.7814473973,2009
134,PD_C134,Casual,587,468,1.6748031618,2009
135,PD_C135,Innerwear,344,170,2.6345401224,2009
136,PD_C136,Swimwear,722,582,2.115752514,2009
137,PD_C137,Formal,384,214,2.1912639379,2009
138,PD_C138,Casual,528,389,1.4125583448,2009
139,PD_C139,Innerwear,608,458,2.4391842468,2009
140,PD_C140,Swimwear,378,220,1.1610220048,2009
141,PD_C141,Formal,580,429,1.5779351498,2009
142,PD_C142,Casual,445,303,2.7071944132,2009
143,PD_C143,Innerwear,661,492,2.5816295819,2009
144,PD_C144,Swimwear,584,457,1.3940407725,2009
145,PD_C145,Formal,701,589,1.9797279359,2009
146,PD_C146,Formal,562,409,2.070755791,2009
147,PD_C147,Casual,672,502,1.2707700495,2009
148,PD_C148,Innerwear,576,418,1.0242034527,2009
149,PD_C149,Swimwear,528,403,1.3643485324,2009
150,PD_C150,Formal,488,314,1.8155098102,2009
151,PD_C151,Casual,738,557,1.8051916274,2009
152,PD_C152,Innerwear,321,161,2.8460839303,2009
153,PD_C153,Swimwear,551,351,1.057092808,2009
154,PD_C154,Formal,672,475,1.572109509,2009
155,PD_C155,Formal,527,330,2.64135909,2009
156,PD_C156,Casual,701,574,1.3551656271,2009
157,PD_C157,Innerwear,354,222,2.115282604,2009
158,PD_C158,Swimwear,697,511,1.2880137363,2009
159,PD_C159,Formal,694,516,2.505081718,2009
160,PD_C160,Formal,306,119,2.8799666321,2009
161,PD_C161,Casual,533,356,1.9122134793,2009
162,PD_C162,Innerwear,401,252,1.4459420152,2009
163,PD_C163,Swimwear,353,225,1.1787148278,2009
164,PD_C164,Formal,306,147,2.8098487301,2009
165,PD_C165,Casual,584,441,1.4326526119,2009
166,PD_C166,Innerwear,590,430,2.8095855919,2009
167,PD_C167,Swimwear,428,276,2.1964925343,2009
168,PD_C168,Formal,624,443,2.4761631249,2009
169,PD_C169,Formal,777,581,1.8156984829,2009
170,PD_C170,Casual,698,560,1.8888613888,2009
171,PD_C171,Innerwear,510,373,2.1651127172,2009
172,PD_C172,Swimwear,756,625,1.1035297206,2009
173,PD_C173,Formal,523,357,1.2993076406,2009
174,PD_C174,Casual,545,424,2.8457161568,2009
175,PD_C175,Formal,649,477,2.4349578065,2009
176,PD_C176,Casual,417,315,1.3073170099,2009
177,PD_C177,Innerwear,325,198,2.2440162024,2009
178,PD_C178,Swimwear,744,558,2.9247234889,2009
179,PD_C179,Formal,427,267,2.8119234143,2009
180,PD_C180,Casual,763,567,1.9012979516,2009
181,PD_C181,Innerwear,564,403,1.8596641477,2009
182,PD_C182,Swimwear,302,157,2.844950346,2009
183,PD_C183,Formal,735,614,1.6587070202,2009
184,PD_C184,Formal,342,179,1.6593051281,2009
185,PD_C185,Casual,699,571,1.9552334183,2009
186,PD_C186,Innerwear,379,279,1.7774429972,2009
187,PD_C187,Swimwear,679,520,2.0434576589,2009
188,PD_C188,Formal,659,506,2.9594203607,2009
189,PD_C189,Casual,502,325,2.0951515124,2009
190,PD_C190,Innerwear,726,626,1.5104538179,2009
191,PD_C191,Swimwear,672,473,2.2739614494,2009
192,PD_C192,Formal,667,529,2.8237008414,2009
193,PD_C193,Formal,443,251,1.9496127657,2009
194,PD_C194,Casual,774,648,2.847243865,2009
195,PD_C195,Innerwear,629,520,2.7643667333,2009
196,PD_C196,Swimwear,572,460,2.5704572827,2009
197,PD_C197,Formal,512,387,2.8960526818,2009
198,PD_C198,Formal,494,298,2.7934780951,2009
199,PD_C199,Casual,748,629,1.0491986287,2009
200,PD_C200,Innerwear,794,687,2.2750802758,2009
201,PD_C201,Swimwear,501,307,1.9303322438,2010
202,PD_C202,Formal,305,165,2.063988703,2010
203,PD_C203,Casual,565,409,2.1941205847,2010
204,PD_C204,Innerwear,548,380,2.1116982768,2010
205,PD_C205,Swimwear,561,372,2.9836697974,2010
206,PD_C206,Formal,410,240,2.213759113,2010
207,PD_C207,Formal,642,538,2.7025524313,2010
208,PD_C208,Casual,336,179,1.5881703318,2010
209,PD_C209,Innerwear,518,417,1.1949621435,2010
210,PD_C210,Swimwear,522,377,2.6041777651,2010
211,PD_C211,Formal,392,204,2.2690353841,2010
212,PD_C212,Casual,760,650,2.5585671447,2010
213,PD_C213,Formal,355,251,1.3302600035,2010
214,PD_C214,Casual,586,468,1.7289719134,2010
215,PD_C215,Innerwear,300,168,2.1800346142,2010
216,PD_C216,Swimwear,471,344,2.2616555662,2010
217,PD_C217,Formal,315,176,1.0652525597,2010
218,PD_C218,Casual,389,219,2.7101683575,2010
219,PD_C219,Innerwear,421,300,1.2741930273,2010
220,PD_C220,Swimwear,580,399,2.3369418893,2010
221,PD_C221,Formal,765,603,2.7559576114,2010
222,PD_C222,Formal,611,465,1.8097720075,2010
223,PD_C223,Casual,762,582,2.129942272,2010
224,PD_C224,Innerwear,315,142,1.2778266219,2010
225,PD_C225,Swimwear,493,359,1.796625639,2010
226,PD_C226,Formal,733,560,2.8908335111,2010
227,PD_C227,Casual,468,283,2.4783800908,2010
228,PD_C228,Innerwear,582,388,2.9534124271,2010
229,PD_C229,Swimwear,529,337,1.4689902923,2010
230,PD_C230,Formal,487,353,1.6009269341,2010
231,PD_C231,Formal,509,334,1.3802167064,2010
232,PD_C232,Casual,726,610,2.6726543712,2010
233,PD_C233,Innerwear,722,586,2.9137053982,2010
234,PD_C234,Swimwear,632,443,2.7393470431,2010
235,PD_C235,Formal,577,424,1.0792588143,2010
236,PD_C236,Formal,518,364,2.6530783353,2010
237,PD_C237,Casual,549,397,1.5282294313,2010
238,PD_C238,Innerwear,770,608,1.5968955745,2010
239,PD_C239,Swimwear,609,496,1.6396039722,2010
240,PD_C240,Formal,495,376,2.3552219173,2010
241,PD_C241,Casual,447,285,2.019662189,2010
242,PD_C242,Innerwear,700,580,1.3976171024,2010
243,PD_C243,Swimwear,312,195,2.3324957981,2010
244,PD_C244,Formal,407,242,1.4172415728,2010
245,PD_C245,Formal,567,406,1.060169082,2010
246,PD_C246,Casual,501,398,2.4431828357,2010
247,PD_C247,Innerwear,356,218,2.4830828723,2010
248,PD_C248,Swimwear,446,314,1.7207777769,2010
249,PD_C249,Formal,669,569,1.8283376274,2010
250,PD_C250,Casual,492,367,1.5578525314,2010
251,PD_C251,Formal,341,194,2.8134762371,2010
252,PD_C252,Casual,542,346,2.0032175172,2010
253,PD_C253,Innerwear,745,567,2.3713296823,2010
254,PD_C254,Swimwear,658,518,1.0631424942,2010
255,PD_C255,Formal,776,607,1.5164620356,2010
256,PD_C256,Casual,787,676,1.5132264389,2010
257,PD_C257,Innerwear,526,354,2.1856412496,2010
258,PD_C258,Swimwear,660,515,1.435231432,2010
259,PD_C259,Formal,538,384,2.3526645353,2010
260,PD_C260,Formal,695,582,1.0246811224,2010
261,PD_C261,Casual,706,515,1.6986400962,2010
262,PD_C262,Innerwear,553,415,1.1077692678,2010
263,PD_C263,Swimwear,514,331,1.056530362,2010
264,PD_C264,Formal,315,210,1.2078325072,2010
265,PD_C265,Casual,374,250,1.9372169202,2010
266,PD_C266,Innerwear,689,504,1.0447083492,2010
267,PD_C267,Swimwear,759,590,1.1259443361,2010
268,PD_C268,Formal,731,567,1.1847522202,2010
269,PD_C269,Formal,435,333,2.3348375493,2010
270,PD_C270,Casual,601,440,1.8062886931,2010
271,PD_C271,Innerwear,690,584,1.2288940389,2010
272,PD_C272,Swimwear,463,290,1.2015531703,2010
273,PD_C273,Formal,720,534,2.4590516124,2010
274,PD_C274,Casual,637,468,2.1005588606,2010
275,PD_C275,Innerwear,366,234,2.3095609812,2010
276,PD_C276,Swimwear,424,224,1.7863390185,2010
277,PD_C277,Formal,409,240,2.129256611,2010
278,PD_C278,Casual,633,474,1.4499968091,2010
279,PD_C279,Innerwear,321,169,2.0514147132,2010
280,PD_C280,Swimwear,507,322,2.1407715318,2010
281,PD_C281,Formal,582,395,2.0265473096,2010
282,PD_C282,Formal,535,398,2.2569809153,2010
283,PD_C283,Casual,705,573,2.669255365,2010
284,PD_C284,Innerwear,367,173,2.8609274803,2010
285,PD_C285,Swimwear,423,265,2.1094173955,2010
286,PD_C286,Formal,594,422,2.7563191319,2010
287,PD_C287,Casual,333,140,2.7575994178,2010
288,PD_C288,Innerwear,497,362,2.433363697,2010
289,PD_C289,Swimwear,704,514,1.3795399984,2010
290,PD_C290,Formal,677,575,1.2308215256,2010
291,PD_C291,Formal,739,632,2.0821356248,2010
292,PD_C292,Casual,597,482,1.8416503522,2010
293,PD_C293,Innerwear,406,218,1.05303586,2010
294,PD_C294,Swimwear,627,502,2.4269427325,2010
295,PD_C295,Formal,372,241,2.4827371434,2010
296,PD_C296,Formal,737,619,2.3861957549,2010
297,PD_C297,Casual,679,576,1.7307313713,2010
298,PD_C298,Innerwear,798,680,1.0789923234,2010
299,PD_C299,Swimwear,366,215,1.5702568583,2010
300,PD_C300,Formal,636,476,2.3931550752,2010
301,PD_C301,Casual,509,358,2.8218570868,2011
302,PD_C302,Innerwear,746,625,1.2369593327,2011
303,PD_C303,Swimwear,400,230,2.3034289403,2011
304,PD_C304,Formal,518,380,1.1373891538,2011
305,PD_C305,Formal,581,435,2.6557407635,2011
306,PD_C306,Casual,664,497,2.0981160757,2011
307,PD_C307,Innerwear,594,486,2.001400744,2011
308,PD_C308,Swimwear,610,440,1.0684938199,2011
309,PD_C309,Formal,490,338,1.7332491877,2011
310,PD_C310,Casual,340,175,2.0437443729,2011
311,PD_C311,Formal,537,429,1.5021835273,2011
312,PD_C312,Casual,331,133,2.1470141007,2011
313,PD_C313,Innerwear,675,518,2.5435359393,2011
314,PD_C314,Swimwear,447,322,1.225555891,2011
315,PD_C315,Formal,776,588,1.2164356548,2011
316,PD_C316,Casual,513,380,2.4536427294,2011
317,PD_C317,Innerwear,514,369,1.2474001435,2011
318,PD_C318,Swimwear,747,562,1.3576582359,2011
319,PD_C319,Formal,397,227,2.4753707138,2011
320,PD_C320,Formal,366,199,2.5230036104,2011
321,PD_C321,Casual,373,196,1.2374606611,2011
322,PD_C322,Innerwear,455,349,2.4728436977,2011
323,PD_C323,Swimwear,325,167,2.1763183401,2011
324,PD_C324,Formal,324,214,2.6808829887,2011
325,PD_C325,Casual,547,403,1.4002115714,2011
326,PD_C326,Innerwear,590,464,2.8746174326,2011
327,PD_C327,Swimwear,525,351,1.0215162455,2011
328,PD_C328,Formal,740,614,1.6053948635,2011
329,PD_C329,Formal,733,557,2.5413292748,2011
330,PD_C330,Casual,549,439,2.1162564522,2011
331,PD_C331,Innerwear,509,321,2.9932904148,2011
332,PD_C332,Swimwear,399,262,2.0680079606,2011
333,PD_C333,Formal,796,654,2.7629373385,2011
334,PD_C334,Formal,709,541,1.5668213174,2011
335,PD_C335,Casual,353,176,1.393745829,2011
336,PD_C336,Innerwear,601,422,2.3106726801,2011
337,PD_C337,Swimwear,437,248,1.7150327932,2011
338,PD_C338,Formal,426,294,1.8130287358,2011
339,PD_C339,Casual,699,505,2.9194650798,2011
340,PD_C340,Innerwear,331,158,1.3296678313,2011
341,PD_C341,Swimwear,768,627,1.1123990645,2011
342,PD_C342,Formal,587,461,1.3218566162,2011
343,PD_C343,Formal,327,151,1.1884948636,2011
344,PD_C344,Casual,603,419,2.6809455646,2011
345,PD_C345,Innerwear,594,482,2.2964655389,2011
346,PD_C346,Swimwear,521,421,1.2791650633,2011
347,PD_C347,Formal,726,573,2.2246108472,2011
348,PD_C348,Casual,711,513,1.261689584,2011
349,PD_C349,Formal,731,560,1.3407124358,2011
350,PD_C350,Casual,556,372,2.2467937105,2011
351,PD_C351,Innerwear,342,205,2.7009739567,2011
352,PD_C352,Swimwear,559,369,1.9948801246,2011
353,PD_C353,Formal,498,356,2.7241123369,2011
354,PD_C354,Casual,508,361,2.4880161101,2011
355,PD_C355,Innerwear,359,218,1.3653919085,2011
356,PD_C356,Swimwear,604,453,1.6572425779,2011
357,PD_C357,Formal,325,196,1.3496865752,2011
358,PD_C358,Formal,569,436,2.8752347784,2011
359,PD_C359,Casual,426,233,2.2380386967,2011
360,PD_C360,Innerwear,545,348,1.052044758,2011
361,PD_C361,Swimwear,735,629,2.5673102594,2011
362,PD_C362,Formal,479,356,1.1444603791,2011
363,PD_C363,Casual,800,637,2.1825044473,2011
364,PD_C364,Innerwear,549,417,1.2376043666,2011
365,PD_C365,Swimwear,667,557,2.8693078017,2011
366,PD_C366,Formal,417,250,1.9790266149,2011
367,PD_C367,Formal,346,204,1.6143857457,2011
368,PD_C368,Casual,623,469,1.6527347192,2011
369,PD_C369,Innerwear,423,302,1.9099832805,2011
370,PD_C370,Swimwear,759,560,1.5231688564,2011
371,PD_C371,Formal,411,233,1.3520673067,2011
372,PD_C372,Formal,594,444,2.9752104905,2011
373,PD_C373,Casual,376,196,2.5359607747,2011
374,PD_C374,Innerwear,559,391,2.068619968,2011
375,PD_C375,Swimwear,314,189,2.1546058974,2011
376,PD_C376,Formal,564,367,2.8695201348,2011
377,PD_C377,Casual,417,271,2.2350165882,2011
378,PD_C378,Innerwear,567,442,2.5205185708,2011
379,PD_C379,Swimwear,368,183,1.6329550942,2011
380,PD_C380,Formal,385,275,2.8244464226,2011
381,PD_C381,Formal,639,527,2.1288048376,2011
382,PD_C382,Casual,781,668,2.2492544873,2011
383,PD_C383,Innerwear,417,240,2.621857,2011
384,PD_C384,Swimwear,322,181,2.0908517938,2011
385,PD_C385,Formal,535,393,1.2918203975,2011
386,PD_C386,Casual,372,233,1.4899221381,2011
387,PD_C387,Formal,652,548,2.6138079261,2011
388,PD_C388,Casual,469,295,2.8094780441,2011
389,PD_C389,Innerwear,406,253,2.0621362764,2011
390,PD_C390,Swimwear,769,669,2.0144541839,2011
391,PD_C391,Formal,795,624,2.2007007418,2011
392,PD_C392,Casual,795,628,2.2843455818,2011
393,PD_C393,Innerwear,568,404,2.5623376951,2011
394,PD_C394,Swimwear,562,398,2.009275075,2011
395,PD_C395,Formal,394,273,2.9409529714,2011
396,PD_C396,Formal,757,591,1.6471004362,2011
397,PD_C397,Casual,703,562,1.151386746,2011
398,PD_C398,Innerwear,438,303,1.6725198893,2011
399,PD_C399,Swimwear,522,358,2.7066435071,2011
400,PD_C400,Formal,666,563,1.5215290334,2011
401,PD_C401,Casual,364,173,1.0795329158,2012
402,PD_C402,Innerwear,416,293,2.9811890164,2012
403,PD_C403,Swimwear,494,384,1.5849878588,2012
404,PD_C404,Formal,318,197,1.8731694159,2012
405,PD_C405,Formal,557,427,1.1111976129,2012
406,PD_C406,Casual,606,451,2.8731322542,2012
407,PD_C407,Innerwear,530,394,2.3228742476,2012
408,PD_C408,Swimwear,683,528,2.1691031624,2012
409,PD_C409,Formal,594,462,1.9185295557,2012
410,PD_C410,Casual,376,235,1.3741724514,2012
411,PD_C411,Innerwear,522,378,2.2330303818,2012
412,PD_C412,Swimwear,679,520,2.2210720812,2012
413,PD_C413,Formal,490,366,1.2524811815,2012
414,PD_C414,Casual,652,508,2.1264019505,2012
415,PD_C415,Innerwear,668,533,1.506035281,2012
416,PD_C416,Swimwear,418,239,2.0493553865,2012
417,PD_C417,Formal,305,135,1.2596243723,2012
418,PD_C418,Formal,480,320,2.8225229126,2012
419,PD_C419,Casual,406,290,1.2436602959,2012
420,PD_C420,Innerwear,707,567,1.4558667785,2012
421,PD_C421,Swimwear,491,306,2.9798805378,2012
422,PD_C422,Formal,636,502,1.6873295734,2012
423,PD_C423,Casual,690,564,1.4537872841,2012
424,PD_C424,Innerwear,738,608,2.4122614082,2012
425,PD_C425,Swimwear,591,410,2.0049427127,2012
426,PD_C426,Formal,327,216,1.8917506801,2012
427,PD_C427,Formal,800,693,1.2383474627,2012
428,PD_C428,Casual,553,396,2.9755796861,2012
429,PD_C429,Innerwear,382,222,2.0760039737,2012
430,PD_C430,Swimwear,738,553,2.514080643,2012
431,PD_C431,Formal,687,518,1.3458283926,2012
432,PD_C432,Formal,700,535,2.7795295238,2012
433,PD_C433,Casual,711,603,2.2866469745,2012
434,PD_C434,Innerwear,334,210,1.3897308462,2012
435,PD_C435,Swimwear,550,407,2.504439502,2012
436,PD_C436,Formal,636,453,1.7754094272,2012
437,PD_C437,Casual,476,283,1.630540037,2012
438,PD_C438,Innerwear,639,494,2.1090275573,2012
439,PD_C439,Swimwear,685,541,2.3063454818,2012
440,PD_C440,Formal,548,385,1.1589087914,2012
441,PD_C441,Formal,683,483,2.223963824,2012
442,PD_C442,Casual,334,134,1.0968418118,2012
443,PD_C443,Innerwear,706,544,2.5482431523,2012
444,PD_C444,Swimwear,768,667,1.0424114715,2012
445,PD_C445,Formal,590,425,2.2696741687,2012
446,PD_C446,Casual,524,351,1.3745331777,2012
447,PD_C447,Formal,384,216,2.4528238735,2012
448,PD_C448,Casual,686,549,2.8176416936,2012
449,PD_C449,Innerwear,696,519,2.3669035642,2012
450,PD_C450,Swimwear,448,333,1.9666940352,2012
451,PD_C451,Formal,754,558,1.4144890398,2012
452,PD_C452,Casual,794,671,1.9228026996,2012
453,PD_C453,Innerwear,660,539,1.9222397753,2012
454,PD_C454,Swimwear,342,239,1.5559359428,2012
455,PD_C455,Formal,463,338,2.7955940644,2012
456,PD_C456,Formal,496,346,1.1042418744,2012
457,PD_C457,Casual,404,223,2.1748583359,2012
458,PD_C458,Innerwear,741,633,1.9292131534,2012
459,PD_C459,Swimwear,350,184,1.4041769986,2012
460,PD_C460,Formal,332,225,1.3790072736,2012
461,PD_C461,Casual,628,509,2.3083894377,2012
462,PD_C462,Innerwear,642,457,1.9631314888,2012
463,PD_C463,Swimwear,589,444,1.2344463818,2012
464,PD_C464,Formal,707,529,2.1236888216,2012
465,PD_C465,Formal,517,393,1.4579559108,2012
466,PD_C466,Casual,308,197,1.0989148972,2012
467,PD_C467,Innerwear,308,155,1.8977018236,2012
468,PD_C468,Swimwear,781,601,2.8141263244,2012
469,PD_C469,Formal,776,669,2.8051498042,2012
470,PD_C470,Formal,637,454,1.4089579556,2012
471,PD_C471,Casual,552,395,2.7206231733,2012
472,PD_C472,Innerwear,589,448,1.6845145484,2012
473,PD_C473,Swimwear,343,223,2.8575345502,2012
474,PD_C474,Formal,371,175,1.2122224077,2012
475,PD_C475,Casual,657,501,2.7396326169,2012
476,PD_C476,Innerwear,310,150,1.7791251619,2012
477,PD_C477,Swimwear,501,329,2.0647111401,2012
478,PD_C478,Formal,498,337,1.2923930233,2012
479,PD_C479,Formal,542,388,1.1566697038,2012
480,PD_C480,Casual,480,288,1.5037997999,2012
481,PD_C481,Innerwear,395,261,2.9048367614,2012
482,PD_C482,Swimwear,691,561,2.1111167206,2012
483,PD_C483,Formal,500,356,2.7499640923,2012
484,PD_C484,Casual,371,210,1.2705671029,2012
485,PD_C485,Formal,663,466,1.0086173921,2012
486,PD_C486,Casual,579,412,2.0798891467,2012
487,PD_C487,Innerwear,333,146,1.9803839323,2012
488,PD_C488,Swimwear,393,212,2.6446847932,2012
489,PD_C489,Formal,326,174,2.9435969181,2012
490,PD_C490,Casual,713,577,1.5588493198,2012
491,PD_C491,Innerwear,601,420,1.0634596673,2012
492,PD_C492,Swimwear,729,539,1.1702906874,2012
493,PD_C493,Formal,339,193,2.3853376852,2012
494,PD_C494,Formal,660,476,1.0665681698,2012
495,PD_C495,Casual,665,541,2.8987665254,2012
496,PD_C496,Innerwear,512,361,2.7301837015,2012
497,PD_C497,Swimwear,344,212,1.4384164154,2012
498,PD_C498,Formal,651,551,1.2806683214,2012
499,PD_C499,Casual,753,602,2.6986962067,2012
500,PD_C500,Innerwear,665,503,2.2607983408,2012
501,PD_C501,Swimwear,761,630,2.219075708,2013
502,PD_C502,Formal,580,478,2.2255149578,2013
503,PD_C503,Formal,546,389,1.9848253651,2013
504,PD_C504,Casual,725,559,1.0571397204,2013
505,PD_C505,Innerwear,650,485,2.351070914,2013
506,PD_C506,Swimwear,381,193,1.0659864188,2013
507,PD_C507,Formal,408,254,2.3426332282,2013
508,PD_C508,Formal,648,490,2.5473739455,2013
509,PD_C509,Casual,526,346,1.2188183376,2013
510,PD_C510,Innerwear,362,185,1.1489212949,2013
511,PD_C511,Swimwear,556,426,1.9887697261,2013
512,PD_C512,Formal,328,174,2.5150683424,2013
513,PD_C513,Casual,418,296,2.9854345551,2013
514,PD_C514,Innerwear,609,411,2.184792894,2013
515,PD_C515,Swimwear,466,347,2.907004081,2013
516,PD_C516,Formal,569,407,1.2981061926,2013
517,PD_C517,Formal,324,202,1.5722364945,2013
518,PD_C518,Casual,597,451,2.1055240416,2013
519,PD_C519,Innerwear,578,407,1.6870114611,2013
520,PD_C520,Swimwear,730,627,2.5076701916,2013
521,PD_C521,Formal,341,150,2.0198976284,2013
522,PD_C522,Casual,689,535,1.8379899797,2013
523,PD_C523,Formal,471,313,1.2520368748,2013
524,PD_C524,Casual,476,324,1.4738546923,2013
525,PD_C525,Innerwear,583,458,1.2976206613,2013
526,PD_C526,Swimwear,788,632,2.5470735977,2013
527,PD_C527,Formal,697,559,1.7036797651,2013
528,PD_C528,Casual,498,383,2.6371833113,2013
529,PD_C529,Innerwear,308,176,1.353291974,2013
530,PD_C530,Swimwear,674,512,2.9510340069,2013
531,PD_C531,Formal,531,407,2.8992184834,2013
532,PD_C532,Formal,656,551,1.1951303923,2013
533,PD_C533,Casual,516,400,1.4794532764,2013
534,PD_C534,Innerwear,476,278,2.5129994354,2013
535,PD_C535,Swimwear,408,232,1.9070695246,2013
536,PD_C536,Formal,742,572,2.9064515271,2013
537,PD_C537,Casual,333,206,1.3031449677,2013
538,PD_C538,Innerwear,581,464,1.5730831929,2013
539,PD_C539,Swimwear,688,588,1.6631144673,2013
540,PD_C540,Formal,477,284,1.4662291762,2013
541,PD_C541,Formal,532,358,1.7471313691,2013
542,PD_C542,Casual,682,569,2.0084871781,2013
543,PD_C543,Innerwear,723,575,2.1743828626,2013
544,PD_C544,Swimwear,534,406,2.5193699325,2013
545,PD_C545,Formal,619,493,1.4815944694,2013
546,PD_C546,Casual,452,292,1.5865263056,2013
547,PD_C547,Innerwear,391,279,1.2108236998,2013
548,PD_C548,Swimwear,799,676,2.5717072394,2013
549,PD_C549,Formal,331,162,2.8905388354,2013
550,PD_C550,Casual,587,448,1.5721236292,2013
551,PD_C551,Innerwear,543,439,2.3761563533,2013
552,PD_C552,Swimwear,564,435,1.9684493079,2013
553,PD_C553,Formal,523,353,1.1153337497,2013
554,PD_C554,Formal,544,379,1.0775252146,2013
555,PD_C555,Casual,570,380,2.8811071657,2013
556,PD_C556,Innerwear,536,423,2.0378772668,2013
557,PD_C557,Swimwear,611,456,2.8762187,2013
558,PD_C558,Formal,619,448,1.198798867,2013
559,PD_C559,Casual,544,408,2.8227461159,2013
560,PD_C560,Innerwear,791,633,1.4737108621,2013
561,PD_C561,Swimwear,459,337,2.988726311,2013
562,PD_C562,Formal,649,519,2.2893332904,2013
563,PD_C563,Formal,679,495,2.5538707881,2013
564,PD_C564,Casual,775,627,1.0903163452,2013
565,PD_C565,Innerwear,763,573,1.8650242857,2013
566,PD_C566,Swimwear,600,471,2.6902778136,2013
567,PD_C567,Formal,776,642,2.5668711157,2013
568,PD_C568,Formal,346,235,1.5852935109,2013
569,PD_C569,Casual,498,352,2.1035793055,2013
570,PD_C570,Innerwear,568,398,1.971944424,2013
571,PD_C571,Swimwear,305,142,1.9201414513,2013
572,PD_C572,Formal,507,339,2.1546607581,2013
573,PD_C573,Casual,726,561,1.6982629688,2013
574,PD_C574,Innerwear,730,553,2.1630840911,2013
575,PD_C575,Swimwear,437,292,1.9516729211,2013
576,PD_C576,Formal,688,583,2.031258755,2013
577,PD_C577,Formal,602,440,1.294485803,2013
578,PD_C578,Casual,727,577,1.6805587767,2013
579,PD_C579,Innerwear,750,602,1.3725566876,2013
580,PD_C580,Swimwear,643,491,2.7092019001,2013
581,PD_C581,Formal,570,383,1.9101518871,2013
582,PD_C582,Casual,741,549,2.5578980633,2013
583,PD_C583,Formal,781,634,1.3006506921,2013
584,PD_C584,Casual,305,105,1.5792801825,2013
585,PD_C585,Innerwear,315,185,2.0679127281,2013
586,PD_C586,Swimwear,406,211,2.8858598352,2013
587,PD_C587,Formal,419,293,2.9696815581,2013
588,PD_C588,Casual,592,424,1.8905553017,2013
589,PD_C589,Innerwear,418,312,2.0651686993,2013
590,PD_C590,Swimwear,431,239,2.6375302456,2013
591,PD_C591,Formal,495,361,2.2963493408,2013
592,PD_C592,Formal,558,385,1.7865494129,2013
593,PD_C593,Casual,349,215,2.4982864256,2013
594,PD_C594,Innerwear,352,163,2.261755333,2013
595,PD_C595,Swimwear,465,340,1.1778361158,2013
596,PD_C596,Formal,597,421,1.1418265012,2013
597,PD_C597,Casual,363,211,1.5773779497,2013
598,PD_C598,Innerwear,718,572,2.1440186262,2013
599,PD_C599,Swimwear,381,269,2.6440833195,2013
600,PD_C600,Formal,765,604,1.3800258485,2013
601,PD_C601,Formal,681,535,2.2530732114,2014
602,PD_C602,Casual,509,318,2.2793176027,2014
603,PD_C603,Innerwear,643,525,1.4820307414,2014
604,PD_C604,Swimwear,380,213,2.5110639908,2014
605,PD_C605,Formal,395,278,1.7282902467,2014
606,PD_C606,Formal,418,281,1.4367459901,2014
607,PD_C607,Casual,415,302,2.4306751878,2014
608,PD_C608,Innerwear,573,447,2.3048868369,2014
609,PD_C609,Swimwear,778,666,1.6536900239,2014
610,PD_C610,Formal,485,311,2.9839660678,2014
611,PD_C611,Casual,421,293,1.463496894,2014
612,PD_C612,Innerwear,783,583,2.3892765683,2014
613,PD_C613,Swimwear,684,546,2.3323013626,2014
614,PD_C614,Formal,627,434,1.786810438,2014
615,PD_C615,Formal,571,378,1.1180108609,2014
616,PD_C616,Casual,730,626,1.7404661344,2014
617,PD_C617,Innerwear,612,491,1.8909871788,2014
618,PD_C618,Swimwear,755,607,1.0404003592,2014
619,PD_C619,Formal,681,486,2.1173241957,2014
620,PD_C620,Casual,709,528,2.6250143421,2014
621,PD_C621,Formal,437,327,1.8459670938,2014
622,PD_C622,Casual,524,345,2.2871660925,2014
623,PD_C623,Innerwear,693,560,2.305740015,2014
624,PD_C624,Swimwear,714,537,1.0137092187,2014
625,PD_C625,Formal,722,545,2.7995955106,2014
626,PD_C626,Casual,642,481,2.8278289698,2014
627,PD_C627,Innerwear,602,453,1.5458005127,2014
628,PD_C628,Swimwear,547,392,2.818520903,2014
629,PD_C629,Formal,380,236,1.7991812379,2014
630,PD_C630,Formal,717,528,1.3604761127,2014
631,PD_C631,Casual,702,518,2.7321779205,2014
632,PD_C632,Innerwear,319,191,1.9185561577,2014
633,PD_C633,Swimwear,774,602,1.4081973323,2014
634,PD_C634,Formal,549,421,1.045680617,2014
635,PD_C635,Casual,697,512,1.0787149016,2014
636,PD_C636,Innerwear,797,669,2.781396918,2014
637,PD_C637,Swimwear,581,424,2.2740244622,2014
638,PD_C638,Formal,310,136,1.6936899983,2014
639,PD_C639,Formal,322,157,1.5328133999,2014
640,PD_C640,Casual,651,515,1.612207459,2014
641,PD_C641,Innerwear,437,304,2.6727741671,2014
642,PD_C642,Swimwear,764,593,1.2314851237,2014
643,PD_C643,Formal,315,162,1.8853628084,2014
644,PD_C644,Formal,514,410,2.006324041,2014
645,PD_C645,Casual,414,261,1.4549489922,2014
646,PD_C646,Innerwear,586,452,1.5705927407,2014
647,PD_C647,Swimwear,608,416,2.5700790971,2014
648,PD_C648,Formal,572,461,1.9241908188,2014
649,PD_C649,Casual,380,250,1.6751037879,2014
650,PD_C650,Innerwear,797,693,2.8023005166,2014
651,PD_C651,Swimwear,652,502,2.4992597943,2014
652,PD_C652,Formal,595,432,2.8508253193,2014
653,PD_C653,Formal,559,454,1.2952175362,2014
654,PD_C654,Casual,572,459,2.3428763995,2014
655,PD_C655,Innerwear,798,670,1.1857952857,2014
656,PD_C656,Swimwear,558,458,2.4910241156,2014
657,PD_C657,Formal,625,520,1.1057406017,2014
658,PD_C658,Casual,792,656,2.6734513218,2014
659,PD_C659,Formal,465,272,1.5280433027,2014
660,PD_C660,Casual,459,311,2.7878292882,2014
661,PD_C661,Innerwear,783,625,2.0833998105,2014
662,PD_C662,Swimwear,704,540,2.2837210907,2014
663,PD_C663,Formal,433,296,2.7498449504,2014
664,PD_C664,Casual,338,198,2.0501141527,2014
665,PD_C665,Innerwear,532,355,2.2242932145,2014
666,PD_C666,Swimwear,767,607,2.1330061046,2014
667,PD_C667,Formal,438,293,2.8338271859,2014
668,PD_C668,Formal,485,349,2.3168574963,2014
669,PD_C669,Casual,554,373,1.208701043,2014
670,PD_C670,Innerwear,799,679,1.0818362936,2014
671,PD_C671,Swimwear,370,185,2.0184796667,2014
672,PD_C672,Formal,610,486,2.1299264318,2014
673,PD_C673,Casual,398,282,2.4186458565,2014
674,PD_C674,Innerwear,507,373,1.8969205498,2014
675,PD_C675,Swimwear,443,296,2.5694913358,2014
676,PD_C676,Formal,410,291,1.4663647678,2014
677,PD_C677,Formal,797,650,1.3674329259,2014
678,PD_C678,Casual,564,414,2.8721461411,2014
679,PD_C679,Innerwear,717,555,2.7690099208,2014
680,PD_C680,Swimwear,788,658,1.6118008924,2014
681,PD_C681,Formal,605,441,1.3791783062,2014
682,PD_C682,Casual,494,338,1.0518844158,2014
683,PD_C683,Innerwear,603,415,2.0236710159,2014
684,PD_C684,Swimwear,334,195,1.0255590507,2014
685,PD_C685,Formal,383,220,1.205346486,2014
686,PD_C686,Casual,733,604,2.1252101969,2014
687,PD_C687,Innerwear,435,244,1.603006356,2014
688,PD_C688,Swimwear,764,589,2.8300849324,2014
689,PD_C689,Formal,785,624,1.7245001211,2014
690,PD_C690,Formal,481,281,1.6723497236,2014
691,PD_C691,Casual,425,307,2.4609908345,2014
692,PD_C692,Innerwear,704,600,2.6020012997,2014
693,PD_C693,Swimwear,527,366,2.8143657406,2014
694,PD_C694,Formal,756,626,1.1835529352,2014
695,PD_C695,Casual,382,229,2.0461306335,2014
696,PD_C696,Innerwear,761,592,2.4471348441,2014
697,PD_C697,Swimwear,741,632,2.1125508124,2014
698,PD_C698,Formal,536,397,1.9387054875,2014
699,PD_C699,Formal,423,277,2.5697295478,2014
700,PD_C700,Casual,779,676,2.0798360557,2014
701,PD_C701,Innerwear,625,486,2.6502096868,2015
702,PD_C702,Swimwear,788,639,1.3055351478,2015
703,PD_C703,Formal,725,625,2.8487354185,2015
704,PD_C704,Formal,501,315,1.6030021205,2015
705,PD_C705,Casual,405,260,2.4568859212,2015
706,PD_C706,Innerwear,513,320,2.449853862,2015
707,PD_C707,Swimwear,416,263,1.6873260755,2015
708,PD_C708,Formal,655,486,1.0190746483,2015
709,PD_C709,Casual,673,529,2.7673663685,2015
710,PD_C710,Innerwear,565,419,2.039088901,2015
711,PD_C711,Swimwear,770,651,2.3947136158,2015
712,PD_C712,Formal,614,497,2.6058357807,2015
713,PD_C713,Formal,444,336,2.7412045129,2015
714,PD_C714,Casual,470,275,1.4813125576,2015
715,PD_C715,Innerwear,727,547,1.3168173344,2015
716,PD_C716,Swimwear,311,172,1.2381139834,2015
717,PD_C717,Formal,496,361,2.5525090069,2015
718,PD_C718,Casual,669,568,2.5874425701,2015
719,PD_C719,Formal,709,520,1.7955689277,2015
720,PD_C720,Casual,522,361,1.4402192751,2015
721,PD_C721,Innerwear,358,193,2.6571920552,2015
722,PD_C722,Swimwear,540,391,2.3793044447,2015
723,PD_C723,Formal,659,490,2.0290501491,2015
724,PD_C724,Casual,369,170,2.7366895815,2015
725,PD_C725,Innerwear,649,512,1.7106358842,2015
726,PD_C726,Swimwear,650,480,2.9209380658,2015
727,PD_C727,Formal,571,419,2.3416457645,2015
728,PD_C728,Formal,373,245,1.9054929378,2015
729,PD_C729,Casual,531,364,1.5527745045,2015
730,PD_C730,Innerwear,687,566,2.8958289773,2015
731,PD_C731,Swimwear,670,514,2.9548103111,2015
732,PD_C732,Formal,404,272,2.6529003585,2015
733,PD_C733,Casual,700,509,2.305562776,2015
734,PD_C734,Innerwear,743,599,2.8995176883,2015
735,PD_C735,Swimwear,744,635,2.8942071802,2015
736,PD_C736,Formal,337,141,2.3511869788,2015
737,PD_C737,Formal,785,628,1.587063002,2015
738,PD_C738,Casual,684,491,1.6722115621,2015
739,PD_C739,Innerwear,362,198,2.3360010841,2015
740,PD_C740,Swimwear,359,209,1.3051953821,2015
741,PD_C741,Formal,407,280,2.5736897675,2015
742,PD_C742,Formal,608,467,1.1923243401,2015
743,PD_C743,Casual,769,570,2.2443745499,2015
744,PD_C744,Innerwear,716,527,2.9454304162,2015
745,PD_C745,Swimwear,579,431,2.4304664224,2015
746,PD_C746,Formal,527,410,1.8365921657,2015
747,PD_C747,Casual,344,208,1.3037583981,2015
748,PD_C748,Innerwear,316,145,2.1482956666,2015
749,PD_C749,Swimwear,347,169,1.483312403,2015
750,PD_C750,Formal,596,419,1.6147010974,2015
751,PD_C751,Formal,741,593,2.5496284903,2015
752,PD_C752,Casual,685,504,2.6161200286,2015
753,PD_C753,Innerwear,563,410,1.5066951176,2015
754,PD_C754,Swimwear,584,405,1.0878676483,2015
755,PD_C755,Formal,570,432,2.4839401892,2015
756,PD_C756,Casual,595,467,2.9721159991,2015
757,PD_C757,Formal,644,519,1.0355807354,2015
758,PD_C758,Casual,515,338,2.1718745254,2015
759,PD_C759,Innerwear,705,570,1.0740120928,2015
760,PD_C760,Swimwear,303,193,1.8899449782,2015
761,PD_C761,Formal,765,567,2.3352002441,2015
762,PD_C762,Casual,557,426,2.1988644958,2015
763,PD_C763,Innerwear,657,526,2.3152710356,2015
764,PD_C764,Swimwear,711,595,2.3858704024,2015
765,PD_C765,Formal,544,430,2.6137755022,2015
766,PD_C766,Formal,303,192,2.0274025378,2015
767,PD_C767,Casual,649,529,1.7351111206,2015
768,PD_C768,Innerwear,364,207,1.4105133227,2015
769,PD_C769,Swimwear,531,392,2.5321490176,2015
770,PD_C770,Formal,388,285,2.1254384957,2015
771,PD_C771,Casual,623,498,2.2237519114,2015
772,PD_C772,Innerwear,347,192,1.490756802,2015
773,PD_C773,Swimwear,651,516,2.6018147793,2015
774,PD_C774,Formal,620,463,2.9926623109,2015
775,PD_C775,Formal,364,237,2.5799859256,2015
776,PD_C776,Casual,702,540,2.7634694708,2015
777,PD_C777,Innerwear,613,506,1.3965059088,2015
778,PD_C778,Swimwear,639,444,1.6475309404,2015
779,PD_C779,Formal,532,367,1.7958501587,2015
780,PD_C780,Formal,571,450,1.6295434408,2015
781,PD_C781,Casual,489,303,1.4911040917,2015
782,PD_C782,Innerwear,614,460,1.3491674107,2015
783,PD_C783,Swimwear,447,287,1.6826385456,2015
784,PD_C784,Formal,665,559,2.3711063156,2015
785,PD_C785,Casual,479,361,2.3548197017,2015
786,PD_C786,Innerwear,369,205,1.005587158,2015
787,PD_C787,Swimwear,364,171,1.1603116914,2015
788,PD_C788,Formal,570,433,1.183761453,2015
789,PD_C789,Formal,557,376,1.7033953021,2015
790,PD_C790,Casual,481,324,1.3012669531,2015
791,PD_C791,Innerwear,321,155,1.5617557523,2015
792,PD_C792,Swimwear,797,668,2.2445176124,2015
793,PD_C793,Formal,761,640,1.2867479689,2015
794,PD_C794,Casual,486,369,1.0066023636,2015
795,PD_C795,Formal,634,498,2.3730723464,2015
796,PD_C796,Casual,460,357,2.2904025576,2015
797,PD_C797,Innerwear,581,386,2.3900489052,2015
798,PD_C798,Swimwear,645,475,1.8584836451,2015
799,PD_C799,Formal,436,244,1.6266114024,2015
800,PD_C800,Casual,559,416,2.6284866286,2015
801,PD_C801,Innerwear,354,223,1.8522873422,2016
802,PD_C802,Swimwear,514,363,1.3653682662,2016
803,PD_C803,Formal,425,237,2.2841412834,2016
804,PD_C804,Formal,595,416,2.7651008288,2016
805,PD_C805,Casual,355,172,2.1720097864,2016
806,PD_C806,Innerwear,649,486,1.4708957686,2016
807,PD_C807,Swimwear,486,288,2.5678463279,2016
808,PD_C808,Formal,517,329,2.4715116241,2016
809,PD_C809,Casual,772,659,1.5890426716,2016
810,PD_C810,Innerwear,772,620,2.6617078423,2016
811,PD_C811,Swimwear,397,209,2.4143565486,2016
812,PD_C812,Formal,542,359,1.6909272472,2016
813,PD_C813,Formal,505,390,1.8220615024,2016
814,PD_C814,Casual,767,612,1.1617108602,2016
815,PD_C815,Innerwear,376,183,1.0758498033,2016
816,PD_C816,Swimwear,574,415,1.2671656786,2016
817,PD_C817,Formal,708,509,1.5247027097,2016
818,PD_C818,Casual,756,639,2.9593025139,2016
819,PD_C819,Innerwear,343,220,1.6199595604,2016
820,PD_C820,Swimwear,697,584,2.5109756691,2016
821,PD_C821,Formal,641,507,2.2265940895,2016
822,PD_C822,Casual,420,227,1.3088923115,2016
823,PD_C823,Innerwear,646,515,1.324338578,2016
824,PD_C824,Swimwear,441,263,2.8002054519,2016
825,PD_C825,Formal,791,673,1.4724949199,2016
826,PD_C826,Formal,412,229,1.8663341604,2016
827,PD_C827,Casual,736,628,1.6060939699,2016
828,PD_C828,Innerwear,666,478,2.7296693573,2016
829,PD_C829,Swimwear,474,349,1.3494278917,2016
830,PD_C830,Formal,766,659,2.5001332226,2016
831,PD_C831,Casual,620,439,1.398650275,2016
832,PD_C832,Innerwear,668,516,2.9458566724,2016
833,PD_C833,Swimwear,697,583,2.6377188409,2016
834,PD_C834,Formal,330,179,2.163883236,2016
835,PD_C835,Formal,470,354,2.6072098167,2016
836,PD_C836,Casual,490,329,1.124240972,2016
837,PD_C837,Innerwear,511,344,2.9859887822,2016
838,PD_C838,Swimwear,481,343,2.7174111039,2016
839,PD_C839,Formal,518,343,2.7598152813,2016
840,PD_C840,Formal,585,452,2.2987001067,2016
841,PD_C841,Casual,453,255,2.0831739318,2016
842,PD_C842,Innerwear,686,560,1.7603926552,2016
843,PD_C843,Swimwear,387,269,2.4725666366,2016
844,PD_C844,Formal,798,627,2.6743534891,2016
845,PD_C845,Casual,584,443,1.4757883508,2016
846,PD_C846,Innerwear,788,624,1.0544423531,2016
847,PD_C847,Swimwear,417,249,2.7240777162,2016
848,PD_C848,Formal,501,302,2.3746763364,2016
849,PD_C849,Formal,797,606,2.6136159597,2016
850,PD_C850,Casual,417,273,2.7346357667,2016
851,PD_C851,Innerwear,578,429,1.3081431896,2016
852,PD_C852,Swimwear,618,513,1.6681410606,2016
853,PD_C853,Formal,688,511,1.6780753913,2016
854,PD_C854,Casual,554,430,2.2352540205,2016
855,PD_C855,Formal,419,262,2.6215120387,2016
856,PD_C856,Casual,645,469,1.9215643997,2016
857,PD_C857,Innerwear,796,617,1.8525452499,2016
858,PD_C858,Swimwear,489,307,1.6962857761,2016
859,PD_C859,Formal,353,241,2.7452808196,2016
860,PD_C860,Casual,399,276,1.7770315632,2016
861,PD_C861,Innerwear,630,432,2.3034654202,2016
862,PD_C862,Swimwear,356,170,1.3108813827,2016
863,PD_C863,Formal,583,397,1.9099586917,2016
864,PD_C864,Formal,571,463,2.5428597521,2016
865,PD_C865,Casual,446,249,2.2135991417,2016
866,PD_C866,Innerwear,430,244,2.5068449157,2016
867,PD_C867,Swimwear,498,380,1.4828968531,2016
868,PD_C868,Formal,392,205,1.7081342096,2016
869,PD_C869,Casual,306,184,2.9181642935,2016
870,PD_C870,Innerwear,459,346,2.3211323864,2016
871,PD_C871,Swimwear,672,480,1.1186678946,2016
872,PD_C872,Formal,542,418,1.9992028859,2016
873,PD_C873,Formal,320,154,1.7208027232,2016
874,PD_C874,Casual,390,275,2.3807360918,2016
875,PD_C875,Innerwear,643,443,1.5414565408,2016
876,PD_C876,Swimwear,617,471,2.9197618871,2016
877,PD_C877,Formal,369,242,2.4913060021,2016
878,PD_C878,Formal,788,672,1.2309286072,2016
879,PD_C879,Casual,641,445,2.712358819,2016
880,PD_C880,Innerwear,321,123,1.5568831502,2016
881,PD_C881,Swimwear,650,492,2.4663665168,2016
882,PD_C882,Formal,407,289,1.9853707785,2016
883,PD_C883,Casual,616,477,2.2027158248,2016
884,PD_C884,Innerwear,535,352,1.1607360493,2016
885,PD_C885,Swimwear,520,337,1.4501987027,2016
886,PD_C886,Formal,330,203,2.4022530779,2016
887,PD_C887,Formal,417,231,2.9061295412,2016
888,PD_C888,Casual,430,330,2.161382227,2016
889,PD_C889,Innerwear,747,597,2.1685554609,2016
890,PD_C890,Swimwear,406,290,2.0926312597,2016
891,PD_C891,Formal,359,231,1.9430453795,2016
892,PD_C892,Casual,340,196,1.9826496632,2016
893,PD_C893,Formal,460,306,2.6136117356,2016
894,PD_C894,Casual,699,585,2.5816735902,2016
895,PD_C895,Innerwear,662,476,1.7506000851,2016
896,PD_C896,Swimwear,724,622,1.7587181749,2016
897,PD_C897,Formal,799,648,2.6642437997,2016
898,PD_C898,Casual,614,498,2.5780381808,2016
899,PD_C899,Innerwear,563,397,1.7829127602,2016
900,PD_C900,Swimwear,341,162,2.3283979277,2016
901,PD_C901,Formal,510,376,2.3092691583,2017
902,PD_C902,Formal,567,376,1.6591452262,2017
903,PD_C903,Casual,330,226,2.4369609986,2017
904,PD_C904,Innerwear,561,451,2.6723823409,2017
905,PD_C905,Swimwear,330,185,2.6252325461,2017
906,PD_C906,Formal,318,186,1.7148213247,2017
907,PD_C907,Casual,678,556,1.9181860004,2017
908,PD_C908,Innerwear,662,518,1.5651525999,2017
909,PD_C909,Swimwear,320,175,2.3627861991,2017
910,PD_C910,Formal,389,201,1.5961332325,2017
911,PD_C911,Formal,457,285,1.2722349081,2017
912,PD_C912,Casual,301,124,1.8781399277,2017
913,PD_C913,Innerwear,700,502,2.1526489907,2017
914,PD_C914,Swimwear,367,247,1.6174731343,2017
915,PD_C915,Formal,694,555,2.6991712431,2017
916,PD_C916,Formal,521,330,1.4742136813,2017
917,PD_C917,Casual,747,632,2.6905424684,2017
918,PD_C918,Innerwear,708,563,2.8868236623,2017
919,PD_C919,Swimwear,520,398,1.8374472616,2017
920,PD_C920,Formal,365,232,1.7843224207,2017
921,PD_C921,Casual,697,560,2.3092765575,2017
922,PD_C922,Innerwear,634,513,2.9713383489,2017
923,PD_C923,Swimwear,615,479,1.7596815471,2017
924,PD_C924,Formal,343,222,1.9142618755,2017
925,PD_C925,Formal,403,300,2.8662643696,2017
926,PD_C926,Casual,678,550,2.1505298837,2017
927,PD_C927,Innerwear,590,433,1.0894015387,2017
928,PD_C928,Swimwear,740,622,2.1451264262,2017
929,PD_C929,Formal,375,229,1.8428296731,2017
930,PD_C930,Casual,539,422,2.3121395635,2017
931,PD_C931,Formal,611,454,2.8873165494,2017
932,PD_C932,Casual,560,407,1.2971300062,2017
933,PD_C933,Innerwear,581,426,1.2531793575,2017
934,PD_C934,Swimwear,647,449,2.6835044561,2017
935,PD_C935,Formal,409,297,2.3194090243,2017
936,PD_C936,Casual,505,310,1.7743933995,2017
937,PD_C937,Innerwear,739,620,2.8638939758,2017
938,PD_C938,Swimwear,610,444,1.1768193146,2017
939,PD_C939,Formal,325,138,2.6002400006,2017
940,PD_C940,Formal,750,551,1.1033579447,2017
941,PD_C941,Casual,702,564,2.4445340907,2017
942,PD_C942,Innerwear,773,626,1.8338260821,2017
943,PD_C943,Swimwear,512,349,1.6866224915,2017
944,PD_C944,Formal,573,383,1.9139237656,2017
945,PD_C945,Casual,411,304,1.0056267234,2017
946,PD_C946,Innerwear,416,280,1.5863215162,2017
947,PD_C947,Swimwear,540,381,2.1361291459,2017
948,PD_C948,Formal,753,577,1.1653655622,2017
949,PD_C949,Formal,605,500,2.5350342084,2017
950,PD_C950,Casual,788,590,1.4457419427,2017
951,PD_C951,Innerwear,502,354,2.2673565441,2017
952,PD_C952,Swimwear,767,568,2.2786329071,2017
953,PD_C953,Formal,672,571,2.6161210515,2017
954,PD_C954,Casual,742,618,1.1374739411,2017
955,PD_C955,Innerwear,396,210,2.4507172076,2017
956,PD_C956,Swimwear,776,664,1.7906994052,2017
957,PD_C957,Formal,343,156,2.6893299507,2017
958,PD_C958,Casual,352,198,2.1927413493,2017
959,PD_C959,Innerwear,503,325,1.8736578633,2017
960,PD_C960,Swimwear,679,532,1.6353334193,2017
961,PD_C961,Formal,511,368,1.4601371588,2017
962,PD_C962,Formal,709,601,2.327900288,2017
963,PD_C963,Casual,694,515,1.2209974539,2017
964,PD_C964,Innerwear,785,662,1.2527236419,2017
965,PD_C965,Swimwear,699,516,1.7219749468,2017
966,PD_C966,Formal,716,562,2.9573030981,2017
967,PD_C967,Casual,747,551,2.7623779066,2017
968,PD_C968,Innerwear,746,592,1.3329158415,2017
969,PD_C969,Swimwear,711,587,2.747126578,2017
970,PD_C970,Formal,558,359,2.3847180368,2017
971,PD_C971,Formal,410,236,2.3830141489,2017
972,PD_C972,Casual,363,197,2.6540612118,2017
973,PD_C973,Innerwear,736,636,1.3465724991,2017
974,PD_C974,Swimwear,522,341,2.113178416,2017
975,PD_C975,Formal,532,370,1.6643102363,2017
976,PD_C976,Formal,686,493,2.327511392,2017
977,PD_C977,Casual,606,503,1.3099438502,2017
978,PD_C978,Innerwear,641,520,1.426809046,2017
979,PD_C979,Swimwear,631,494,2.0391931875,2017
980,PD_C980,Formal,744,573,2.420653109,2017
981,PD_C981,Casual,768,663,1.0108743751,2017
982,PD_C982,Innerwear,383,219,2.2483447243,2017
983,PD_C983,Swimwear,576,461,2.07485744,2017
984,PD_C984,Formal,743,640,1.9626718151,2017
985,PD_C985,Formal,592,475,2.9585497348,2017
986,PD_C986,Casual,399,290,2.2655619724,2017
987,PD_C987,Innerwear,484,332,1.1330696295,2017
988,PD_C988,Swimwear,740,635,2.3781328411,2017
989,PD_C989,Formal,348,178,1.0687859148,2017
990,PD_C990,Casual,349,181,2.9992525627,2017
991,PD_C991,Formal,750,648,2.4460272582,2017
992,PD_C992,Casual,359,255,2.3706037989,2017
993,PD_C993,Innerwear,637,503,2.5977640522,2017
994,PD_C994,Swimwear,690,560,1.9762019547,2017
995,PD_C995,Formal,740,584,1.0799248715,2017
996,PD_C996,Casual,798,692,1.9104715246,2017
997,PD_C997,Innerwear,365,195,2.8323208195,2017
998,PD_C998,Swimwear,726,548,1.3076412905,2017
999,PD_C999,Formal,446,289,1.5514081427,2017
1000,PD_C1000,Formal,685,549,1.8691332595,2017
